wavenumber_cm-1,intensity
400.0000,0.05189053
402.2514,0.04477252
404.5028,0.04586936
406.7542,0.02558533
409.0056,0.06799707
411.2570,0.06144166
413.5084,0.04674577
415.7598,0.05773807
418.0113,0.05281211
420.2627,0.04446177
422.5141,0.05977567
424.7655,0.04689443
427.0169,0.04671176
429.2683,0.04207853
431.5197,0.05454958
433.7711,0.04900802
436.0225,0.05545289
438.2739,0.04392814
440.5253,0.05126828
442.7767,0.04107726
445.0281,0.05841465
447.2795,0.05188035
449.5310,0.05330571
451.7824,0.05410504
454.0338,0.03989242
456.2852,0.05783181
458.5366,0.07056703
460.7880,0.03361557
463.0394,0.03270589
465.2908,0.03495169
467.5422,0.05841459
469.7936,0.05128716
472.0450,0.06078342
474.2964,0.05722431
476.5478,0.05210572
478.7992,0.05284038
481.0507,0.04830240
483.3021,0.05868460
485.5535,0.03870284
487.8049,0.04578141
490.0563,0.05242939
492.3077,0.06801421
494.5591,0.04235536
496.8105,0.03920940
499.0619,0.04436713
501.3133,0.05969272
503.5647,0.04764994
505.8161,0.06324347
508.0675,0.03127470
510.3189,0.06128523
512.5704,0.06034866
514.8218,0.03581334
517.0732,0.05153582
519.3246,0.06215758
521.5760,0.05087919
523.8274,0.05999701
526.0788,0.07374887
528.3302,0.05273932
530.5816,0.04719618
532.8330,0.04228948
535.0844,0.05648065
537.3358,0.04803270
539.5872,0.04821254
541.8386,0.04894740
544.0901,0.05649870
546.3415,0.03933660
548.5929,0.03470124
550.8443,0.02566123
553.0957,0.06198671
555.3471,0.05073793
557.5985,0.06510119
559.8499,0.04991044
562.1013,0.04257845
564.3527,0.05477929
566.6041,0.04923412
568.8555,0.03745813
571.1069,0.04114933
573.3583,0.06766779
575.6098,0.05354351
577.8612,0.05416387
580.1126,0.04723448
582.3640,0.04310280
584.6154,0.05891656
586.8668,0.04895374
589.1182,0.04240892
591.3696,0.04865871
593.6210,0.04094394
595.8724,0.05190046
598.1238,0.06129228
600.3752,0.04163915
602.6266,0.06428544
604.8780,0.04332380
607.1295,0.05153412
609.3809,0.04163613
611.6323,0.04777765
613.8837,0.05047404
616.1351,0.04565315
618.3865,0.04297112
620.6379,0.04322114
622.8893,0.04178840
625.1407,0.03429920
627.3921,0.04737030
629.6435,0.05401158
631.8949,0.05908402
634.1463,0.05647103
636.3977,0.07457337
638.6492,0.05318682
640.9006,0.04543666
643.1520,0.06871635
645.4034,0.03952782
647.6548,0.05968478
649.9062,0.04044855
652.1576,0.05354112
654.4090,0.03031603
656.6604,0.05899274
658.9118,0.04841752
661.1632,0.04032319
663.4146,0.06678419
665.6660,0.05765355
667.9174,0.05045808
670.1689,0.04254557
672.4203,0.04956637
674.6717,0.04836071
676.9231,0.05724776
679.1745,0.05798075
681.4259,0.04332244
683.6773,0.04450629
685.9287,0.04467935
688.1801,0.03650683
690.4315,0.04408425
692.6829,0.04907592
694.9343,0.05690952
697.1857,0.06320379
699.4371,0.04191654
701.6886,0.05550977
703.9400,0.04555543
706.1914,0.07075188
708.4428,0.04951276
710.6942,0.05502127
712.9456,0.04063838
715.1970,0.04189311
717.4484,0.05201695
719.6998,0.04615946
721.9512,0.05353289
724.2026,0.03438176
726.4540,0.05662005
728.7054,0.04100520
730.9568,0.06722423
733.2083,0.04711533
735.4597,0.06097265
737.7111,0.03605017
739.9625,0.05428946
742.2139,0.04111970
744.4653,0.04513111
746.7167,0.05024596
748.9681,0.04682925
751.2195,0.05264256
753.4709,0.05747655
755.7223,0.05652782
757.9737,0.04912519
760.2251,0.03636569
762.4765,0.04195354
764.7280,0.04804244
766.9794,0.02878174
769.2308,0.05752081
771.4822,0.04760362
773.7336,0.04748681
775.9850,0.05948376
778.2364,0.05667911
780.4878,0.05221001
782.7392,0.03998666
784.9906,0.05310422
787.2420,0.05346178
789.4934,0.04115227
791.7448,0.06043312
793.9962,0.05507887
796.2477,0.03030376
798.4991,0.05121949
800.7505,0.03735302
803.0019,0.06136315
805.2533,0.05807028
807.5047,0.03896409
809.7561,0.04115127
812.0075,0.05101853
814.2589,0.04761189
816.5103,0.06525203
818.7617,0.05740974
821.0131,0.04717573
823.2645,0.05577396
825.5159,0.02967721
827.7674,0.05309865
830.0188,0.05866407
832.2702,0.04821047
834.5216,0.04289786
836.7730,0.05565833
839.0244,0.06958615
841.2758,0.05204869
843.5272,0.03879322
845.7786,0.06445805
848.0300,0.03121453
850.2814,0.05503205
852.5328,0.04418045
854.7842,0.05930598
857.0356,0.04150526
859.2871,0.06323848
861.5385,0.05300273
863.7899,0.03273159
866.0413,0.03026187
868.2927,0.04683904
870.5441,0.06294212
872.7955,0.05127030
875.0469,0.05067121
877.2983,0.04764096
879.5497,0.05737900
881.8011,0.05377327
884.0525,0.05280346
886.3039,0.04015277
888.5553,0.06187853
890.8068,0.06363080
893.0582,0.03698646
895.3096,0.07301495
897.5610,0.05722507
899.8124,0.04511994
902.0638,0.03095644
904.3152,0.05656846
906.5666,0.05557511
908.8180,0.04404368
911.0694,0.03209447
913.3208,0.06124477
915.5722,0.04411681
917.8236,0.04528255
920.0750,0.07845645
922.3265,0.07127972
924.5779,0.05953737
926.8293,0.04544579
929.0807,0.05649461
931.3321,0.02718530
933.5835,0.05106533
935.8349,0.04240182
938.0863,0.03714395
940.3377,0.03417196
942.5891,0.05525142
944.8405,0.05089300
947.0919,0.05159724
949.3433,0.05842376
951.5947,0.04153916
953.8462,0.03764416
956.0976,0.03223635
958.3490,0.04664803
960.6004,0.05760156
962.8518,0.04850576
965.1032,0.05641128
967.3546,0.03818946
969.6060,0.04530879
971.8574,0.04234063
974.1088,0.03751622
976.3602,0.06859474
978.6116,0.05852141
980.8630,0.04238199
983.1144,0.04233983
985.3659,0.04942803
987.6173,0.03557946
989.8687,0.05435827
992.1201,0.03705761
994.3715,0.04629567
996.6229,0.03975177
998.8743,0.04520152
1001.1257,0.03668843
1003.3771,0.03427178
1005.6285,0.04033859
1007.8799,0.04319990
1010.1313,0.04705111
1012.3827,0.05068984
1014.6341,0.06526896
1016.8856,0.05812252
1019.1370,0.04747101
1021.3884,0.05725918
1023.6398,0.04311103
1025.8912,0.06448491
1028.1426,0.05549477
1030.3940,0.03644161
1032.6454,0.05755386
1034.8968,0.05816092
1037.1482,0.02314405
1039.3996,0.04251905
1041.6510,0.04526177
1043.9024,0.03071488
1046.1538,0.03932823
1048.4053,0.04051642
1050.6567,0.05507096
1052.9081,0.05300463
1055.1595,0.07626174
1057.4109,0.04605741
1059.6623,0.06153231
1061.9137,0.05078847
1064.1651,0.05270926
1066.4165,0.03840370
1068.6679,0.03089101
1070.9193,0.04232853
1073.1707,0.05762170
1075.4221,0.06582807
1077.6735,0.05603994
1079.9250,0.05498285
1082.1764,0.04161240
1084.4278,0.06534304
1086.6792,0.06343821
1088.9306,0.04469189
1091.1820,0.04953662
1093.4334,0.04003996
1095.6848,0.06467278
1097.9362,0.05406457
1100.1876,0.04905085
1102.4390,0.05407116
1104.6904,0.05440933
1106.9418,0.04588946
1109.1932,0.03759064
1111.4447,0.03717142
1113.6961,0.03262878
1115.9475,0.05462990
1118.1989,0.07220952
1120.4503,0.03304256
1122.7017,0.05142850
1124.9531,0.05417209
1127.2045,0.04023819
1129.4559,0.05215818
1131.7073,0.03918344
1133.9587,0.06220786
1136.2101,0.04432788
1138.4615,0.05136220
1140.7129,0.05731011
1142.9644,0.04631176
1145.2158,0.03287871
1147.4672,0.04570751
1149.7186,0.05893801
1151.9700,0.05082261
1154.2214,0.05441277
1156.4728,0.04186250
1158.7242,0.05477540
1160.9756,0.06144965
1163.2270,0.05553159
1165.4784,0.07544990
1167.7298,0.05573030
1169.9812,0.04910429
1172.2326,0.04535991
1174.4841,0.07542490
1176.7355,0.06607507
1178.9869,0.07997771
1181.2383,0.07811448
1183.4897,0.09398875
1185.7411,0.09516499
1187.9925,0.08409938
1190.2439,0.09662443
1192.4953,0.11141825
1194.7467,0.09557200
1196.9981,0.13051085
1199.2495,0.13689255
1201.5009,0.14406237
1203.7523,0.14234834
1206.0038,0.15812693
1208.2552,0.15524769
1210.5066,0.17880798
1212.7580,0.18456750
1215.0094,0.20381911
1217.2608,0.21069857
1219.5122,0.23121981
1221.7636,0.25281257
1224.0150,0.24030719
1226.2664,0.27462756
1228.5178,0.25684967
1230.7692,0.26581345
1233.0206,0.29599077
1235.2720,0.30596840
1237.5235,0.31786531
1239.7749,0.30319853
1242.0263,0.32390532
1244.2777,0.32911965
1246.5291,0.34221760
1248.7805,0.32886934
1251.0319,0.33386684
1253.2833,0.31592130
1255.5347,0.31943641
1257.7861,0.31104358
1260.0375,0.31538486
1262.2889,0.29009768
1264.5403,0.28218996
1266.7917,0.28589913
1269.0432,0.28685359
1271.2946,0.26098120
1273.5460,0.24792283
1275.7974,0.22885854
1278.0488,0.23049322
1280.3002,0.21230198
1282.5516,0.21167134
1284.8030,0.18535099
1287.0544,0.16064011
1289.3058,0.15298419
1291.5572,0.13791904
1293.8086,0.12500999
1296.0600,0.14054315
1298.3114,0.12706175
1300.5629,0.09839694
1302.8143,0.12110954
1305.0657,0.09896706
1307.3171,0.08087462
1309.5685,0.08890186
1311.8199,0.07958880
1314.0713,0.06840694
1316.3227,0.05313227
1318.5741,0.06989466
1320.8255,0.06991314
1323.0769,0.03913108
1325.3283,0.06882742
1327.5797,0.06820646
1329.8311,0.05644979
1332.0826,0.06172655
1334.3340,0.05757415
1336.5854,0.05208475
1338.8368,0.05721566
1341.0882,0.07496765
1343.3396,0.04784912
1345.5910,0.06589591
1347.8424,0.06679882
1350.0938,0.05958278
1352.3452,0.06423023
1354.5966,0.05688459
1356.8480,0.06491397
1359.0994,0.07642829
1361.3508,0.08270288
1363.6023,0.07393264
1365.8537,0.11729627
1368.1051,0.08519327
1370.3565,0.09669221
1372.6079,0.09800329
1374.8593,0.10157751
1377.1107,0.12423428
1379.3621,0.11246938
1381.6135,0.13702169
1383.8649,0.14190026
1386.1163,0.12720782
1388.3677,0.15557017
1390.6191,0.14661683
1392.8705,0.18872719
1395.1220,0.16606045
1397.3734,0.16935285
1399.6248,0.16875040
1401.8762,0.18424938
1404.1276,0.20087117
1406.3790,0.20632962
1408.6304,0.21374095
1410.8818,0.22882563
1413.1332,0.24344236
1415.3846,0.26964925
1417.6360,0.24762917
1419.8874,0.26844807
1422.1388,0.27346054
1424.3902,0.27655195
1426.6417,0.28735172
1428.8931,0.29880904
1431.1445,0.32237365
1433.3959,0.32002718
1435.6473,0.32272149
1437.8987,0.33967184
1440.1501,0.34110170
1442.4015,0.34003384
1444.6529,0.34928768
1446.9043,0.33951660
1449.1557,0.35558668
1451.4071,0.35463936
1453.6585,0.34564314
1455.9099,0.33650808
1458.1614,0.36198987
1460.4128,0.34498374
1462.6642,0.37099642
1464.9156,0.32961135
1467.1670,0.33959154
1469.4184,0.32093672
1471.6698,0.32137680
1473.9212,0.32013250
1476.1726,0.29621690
1478.4240,0.29513216
1480.6754,0.28923840
1482.9268,0.27989525
1485.1782,0.27555554
1487.4296,0.27043998
1489.6811,0.25893968
1491.9325,0.24354000
1494.1839,0.22768980
1496.4353,0.21012473
1498.6867,0.20438320
1500.9381,0.19687864
1503.1895,0.19957342
1505.4409,0.17989132
1507.6923,0.16212258
1509.9437,0.17209935
1512.1951,0.14939403
1514.4465,0.14168452
1516.6979,0.13934232
1518.9493,0.13896101
1521.2008,0.10309540
1523.4522,0.10939237
1525.7036,0.11612834
1527.9550,0.10488304
1530.2064,0.09441581
1532.4578,0.09256276
1534.7092,0.10711796
1536.9606,0.08435906
1539.2120,0.09204577
1541.4634,0.08918028
1543.7148,0.07342847
1545.9662,0.07934722
1548.2176,0.06769191
1550.4690,0.06365728
1552.7205,0.05634128
1554.9719,0.07445084
1557.2233,0.06006878
1559.4747,0.05711721
1561.7261,0.05018336
1563.9775,0.07859000
1566.2289,0.06718367
1568.4803,0.05792012
1570.7317,0.05200258
1572.9831,0.04357643
1575.2345,0.06194636
1577.4859,0.06230526
1579.7373,0.04598201
1581.9887,0.07259531
1584.2402,0.06994231
1586.4916,0.05407826
1588.7430,0.05999962
1590.9944,0.06351431
1593.2458,0.07203454
1595.4972,0.07206152
1597.7486,0.06071028
1600.0000,0.09596358
1602.2514,0.08910012
1604.5028,0.10390482
1606.7542,0.10990807
1609.0056,0.10210566
1611.2570,0.11525233
1613.5084,0.12773291
1615.7598,0.13754407
1618.0113,0.13870065
1620.2627,0.14572069
1622.5141,0.16494691
1624.7655,0.17045317
1627.0169,0.18801612
1629.2683,0.18965580
1631.5197,0.22848675
1633.7711,0.23641106
1636.0225,0.26150409
1638.2739,0.28827507
1640.5253,0.31502828
1642.7767,0.35519477
1645.0281,0.36404712
1647.2795,0.37480306
1649.5310,0.41833671
1651.7824,0.44023755
1654.0338,0.48031952
1656.2852,0.50044203
1658.5366,0.53188364
1660.7880,0.56606530
1663.0394,0.59747742
1665.2908,0.61825550
1667.5422,0.66254304
1669.7936,0.70156593
1672.0450,0.74572548
1674.2964,0.76210723
1676.5478,0.79170934
1678.7992,0.83044634
1681.0507,0.85786241
1683.3021,0.89465385
1685.5535,0.90884810
1687.8049,0.92507843
1690.0563,0.95867312
1692.3077,0.97816276
1694.5591,0.97309329
1696.8105,0.99167045
1699.0619,0.98267341
1701.3133,1.00228990
1703.5647,1.00054469
1705.8161,1.00765948
1708.0675,1.00236486
1710.3189,0.99988954
1712.5704,0.99192961
1714.8218,0.98642643
1717.0732,0.96956192
1719.3246,0.94475602
1721.5760,0.91811906
1723.8274,0.92168554
1726.0788,0.89971836
1728.3302,0.85529822
1730.5816,0.83806206
1732.8330,0.78832764
1735.0844,0.75787603
1737.3358,0.73971328
1739.5872,0.72528254
1741.8386,0.66772525
1744.0901,0.63717170
1746.3415,0.62882531
1748.5929,0.56117182
1750.8443,0.55423949
1753.0957,0.52081954
1755.3471,0.48269940
1757.5985,0.45627235
1759.8499,0.45116012
1762.1013,0.38527505
1764.3527,0.36614279
1766.6041,0.34085378
1768.8555,0.31156411
1771.1069,0.28158366
1773.3583,0.28881965
1775.6098,0.25432675
1777.8612,0.21513903
1780.1126,0.20762493
1782.3640,0.20195794
1784.6154,0.18647263
1786.8668,0.15381169
1789.1182,0.15427102
1791.3696,0.14590454
1793.6210,0.13641407
1795.8724,0.12664821
1798.1238,0.09564425
1800.3752,0.12441081
1802.6266,0.10094930
1804.8780,0.11056187
1807.1295,0.11550199
1809.3809,0.08027930
1811.6323,0.06514820
1813.8837,0.08226006
1816.1351,0.06842322
1818.3865,0.06276121
1820.6379,0.05437151
1822.8893,0.07935430
1825.1407,0.05612587
1827.3921,0.04490135
1829.6435,0.05300203
1831.8949,0.04469228
1834.1463,0.05681116
1836.3977,0.05016214
1838.6492,0.04304053
1840.9006,0.05900799
1843.1520,0.04603159
1845.4034,0.05926467
1847.6548,0.06427086
1849.9062,0.04773726
1852.1576,0.04463962
1854.4090,0.05288967
1856.6604,0.05964003
1858.9118,0.05055725
1861.1632,0.05187004
1863.4146,0.05010817
1865.6660,0.05341340
1867.9174,0.05652734
1870.1689,0.04312983
1872.4203,0.04532539
1874.6717,0.05055479
1876.9231,0.04343618
1879.1745,0.05143455
1881.4259,0.05541876
1883.6773,0.04982739
1885.9287,0.04399914
1888.1801,0.04225479
1890.4315,0.06753294
1892.6829,0.05880097
1894.9343,0.03881298
1897.1857,0.04159905
1899.4371,0.06874555
1901.6886,0.06511837
1903.9400,0.05128585
1906.1914,0.06158157
1908.4428,0.03513250
1910.6942,0.05001486
1912.9456,0.05740939
1915.1970,0.03140129
1917.4484,0.04217078
1919.6998,0.05782908
1921.9512,0.06131669
1924.2026,0.04406721
1926.4540,0.05289831
1928.7054,0.06600728
1930.9568,0.04618078
1933.2083,0.03666644
1935.4597,0.04938598
1937.7111,0.04606847
1939.9625,0.06301051
1942.2139,0.05160118
1944.4653,0.04197907
1946.7167,0.07400546
1948.9681,0.04499884
1951.2195,0.05472446
1953.4709,0.05676232
1955.7223,0.05784322
1957.9737,0.05172916
1960.2251,0.05586674
1962.4765,0.04932098
1964.7280,0.03580818
1966.9794,0.04780189
1969.2308,0.04801588
1971.4822,0.04822280
1973.7336,0.05136092
1975.9850,0.04375297
1978.2364,0.06323257
1980.4878,0.06566715
1982.7392,0.02799638
1984.9906,0.05009326
1987.2420,0.04289405
1989.4934,0.02393756
1991.7448,0.05410136
1993.9962,0.04381200
1996.2477,0.04624265
1998.4991,0.04348422
2000.7505,0.06087005
2003.0019,0.06239298
2005.2533,0.05276795
2007.5047,0.05693109
2009.7561,0.04887572
2012.0075,0.05140159
2014.2589,0.04258237
2016.5103,0.05034543
2018.7617,0.04286330
2021.0131,0.05373026
2023.2645,0.05827331
2025.5159,0.05311043
2027.7674,0.06184129
2030.0188,0.07690245
2032.2702,0.02893439
2034.5216,0.05013684
2036.7730,0.04431319
2039.0244,0.04543305
2041.2758,0.03641825
2043.5272,0.05052535
2045.7786,0.04741727
2048.0300,0.04367229
2050.2814,0.04745677
2052.5328,0.04407256
2054.7842,0.02657078
2057.0356,0.06077409
2059.2871,0.04696527
2061.5385,0.04050363
2063.7899,0.05306412
2066.0413,0.04337562
2068.2927,0.02826002
2070.5441,0.05886902
2072.7955,0.03323291
2075.0469,0.04781593
2077.2983,0.05120156
2079.5497,0.06349668
2081.8011,0.06190061
2084.0525,0.05165748
2086.3039,0.04236608
2088.5553,0.04584103
2090.8068,0.06087702
2093.0582,0.06786449
2095.3096,0.05543789
2097.5610,0.04355155
2099.8124,0.06029372
2102.0638,0.04624760
2104.3152,0.04592151
2106.5666,0.04721031
2108.8180,0.05590149
2111.0694,0.05275275
2113.3208,0.05992801
2115.5722,0.06296393
2117.8236,0.05513246
2120.0750,0.02667736
2122.3265,0.03303402
2124.5779,0.05158588
2126.8293,0.04935293
2129.0807,0.07159196
2131.3321,0.04969786
2133.5835,0.04847390
2135.8349,0.05943888
2138.0863,0.06064433
2140.3377,0.04764590
2142.5891,0.05473202
2144.8405,0.03866453
2147.0919,0.04056848
2149.3433,0.06233073
2151.5947,0.03592864
2153.8462,0.05922313
2156.0976,0.05677888
2158.3490,0.05769755
2160.6004,0.05912832
2162.8518,0.05563863
2165.1032,0.02858541
2167.3546,0.03995620
2169.6060,0.04398688
2171.8574,0.05914820
2174.1088,0.03872195
2176.3602,0.04295105
2178.6116,0.04637188
2180.8630,0.06316432
2183.1144,0.03558947
2185.3659,0.03646070
2187.6173,0.05627161
2189.8687,0.02874472
2192.1201,0.05331978
2194.3715,0.04545959
2196.6229,0.03423049
2198.8743,0.04579729
2201.1257,0.03997863
2203.3771,0.05167785
2205.6285,0.05363822
2207.8799,0.06488962
2210.1313,0.04987215
2212.3827,0.05100554
2214.6341,0.04422689
2216.8856,0.04976365
2219.1370,0.06049602
2221.3884,0.03074284
2223.6398,0.05659129
2225.8912,0.04464823
2228.1426,0.05073890
2230.3940,0.05325045
2232.6454,0.05850594
2234.8968,0.05238403
2237.1482,0.04607490
2239.3996,0.05311694
2241.6510,0.05011873
2243.9024,0.04795500
2246.1538,0.05205148
2248.4053,0.05873580
2250.6567,0.05138332
2252.9081,0.05155469
2255.1595,0.03712490
2257.4109,0.04872989
2259.6623,0.03141982
2261.9137,0.05720011
2264.1651,0.04060746
2266.4165,0.06295382
2268.6679,0.07993437
2270.9193,0.04602601
2273.1707,0.06329630
2275.4221,0.05403599
2277.6735,0.04443013
2279.9250,0.04158689
2282.1764,0.05561942
2284.4278,0.06394822
2286.6792,0.05353705
2288.9306,0.03488102
2291.1820,0.03957740
2293.4334,0.04772026
2295.6848,0.06357166
2297.9362,0.05283415
2300.1876,0.05327262
2302.4390,0.06210504
2304.6904,0.04795405
2306.9418,0.04910884
2309.1932,0.04818134
2311.4447,0.03222039
2313.6961,0.05466679
2315.9475,0.05410839
2318.1989,0.05975442
2320.4503,0.03811097
2322.7017,0.04184137
2324.9531,0.05934470
2327.2045,0.05323062
2329.4559,0.06375026
2331.7073,0.04136968
2333.9587,0.05200803
2336.2101,0.04324003
2338.4615,0.05309753
2340.7129,0.04514955
2342.9644,0.05535967
2345.2158,0.06081364
2347.4672,0.05675270
2349.7186,0.03191727
2351.9700,0.05940404
2354.2214,0.05447542
2356.4728,0.03956979
2358.7242,0.04114234
2360.9756,0.05008307
2363.2270,0.05573529
2365.4784,0.04549299
2367.7298,0.03377488
2369.9812,0.05281579
2372.2326,0.05169809
2374.4841,0.07441133
2376.7355,0.03711441
2378.9869,0.07523751
2381.2383,0.06744702
2383.4897,0.05303123
2385.7411,0.06658984
2387.9925,0.05096560
2390.2439,0.05977837
2392.4953,0.04266234
2394.7467,0.05079698
2396.9981,0.03985405
2399.2495,0.03424529
2401.5009,0.04728339
2403.7523,0.04341106
2406.0038,0.05572812
2408.2552,0.06270804
2410.5066,0.04830847
2412.7580,0.05058932
2415.0094,0.05187919
2417.2608,0.03322032
2419.5122,0.05269081
2421.7636,0.05011351
2424.0150,0.04953677
2426.2664,0.03899625
2428.5178,0.03018120
2430.7692,0.04749740
2433.0206,0.05316157
2435.2720,0.06340913
2437.5235,0.06131176
2439.7749,0.06455318
2442.0263,0.05369951
2444.2777,0.06156167
2446.5291,0.04793989
2448.7805,0.05628433
2451.0319,0.05931815
2453.2833,0.07689325
2455.5347,0.05242630
2457.7861,0.03727430
2460.0375,0.06377733
2462.2889,0.04208701
2464.5403,0.04939323
2466.7917,0.04705785
2469.0432,0.04092243
2471.2946,0.06334773
2473.5460,0.05596061
2475.7974,0.04387975
2478.0488,0.05069339
2480.3002,0.04566764
2482.5516,0.05615196
2484.8030,0.04621443
2487.0544,0.04233837
2489.3058,0.04355693
2491.5572,0.04563146
2493.8086,0.05289367
2496.0600,0.04081125
2498.3114,0.04910630
2500.5629,0.05443581
2502.8143,0.07337275
2505.0657,0.05856245
2507.3171,0.02016235
2509.5685,0.04488924
2511.8199,0.04603075
2514.0713,0.05320385
2516.3227,0.06569386
2518.5741,0.05742075
2520.8255,0.02697090
2523.0769,0.05306977
2525.3283,0.05108063
2527.5797,0.05412982
2529.8311,0.06358869
2532.0826,0.03909148
2534.3340,0.06103070
2536.5854,0.03346136
2538.8368,0.05050822
2541.0882,0.05380597
2543.3396,0.07284532
2545.5910,0.04297669
2547.8424,0.03306065
2550.0938,0.05687125
2552.3452,0.04338769
2554.5966,0.06563826
2556.8480,0.04291943
2559.0994,0.04122730
2561.3508,0.06244498
2563.6023,0.05085431
2565.8537,0.06000784
2568.1051,0.03569785
2570.3565,0.06651089
2572.6079,0.04411095
2574.8593,0.05819442
2577.1107,0.03995060
2579.3621,0.03449311
2581.6135,0.04743177
2583.8649,0.05174462
2586.1163,0.06576648
2588.3677,0.05350048
2590.6191,0.05715516
2592.8705,0.05658918
2595.1220,0.08110155
2597.3734,0.04181858
2599.6248,0.06255158
2601.8762,0.04850746
2604.1276,0.05260782
2606.3790,0.04453250
2608.6304,0.06162410
2610.8818,0.03745142
2613.1332,0.03677726
2615.3846,0.04792178
2617.6360,0.03841967
2619.8874,0.05703287
2622.1388,0.05921906
2624.3902,0.04247017
2626.6417,0.05783853
2628.8931,0.04337977
2631.1445,0.04955795
2633.3959,0.05006795
2635.6473,0.06876494
2637.8987,0.04999623
2640.1501,0.04088101
2642.4015,0.04082531
2644.6529,0.06200093
2646.9043,0.03331105
2649.1557,0.04529901
2651.4071,0.04619965
2653.6585,0.02549705
2655.9099,0.04531006
2658.1614,0.06002482
2660.4128,0.05230719
2662.6642,0.04099717
2664.9156,0.05690853
2667.1670,0.05517254
2669.4184,0.07025359
2671.6698,0.04258701
2673.9212,0.04612533
2676.1726,0.05042590
2678.4240,0.04863127
2680.6754,0.05088555
2682.9268,0.04895172
2685.1782,0.04308238
2687.4296,0.03399319
2689.6811,0.04443495
2691.9325,0.03612727
2694.1839,0.03954277
2696.4353,0.04459270
2698.6867,0.05511618
2700.9381,0.05858208
2703.1895,0.03967908
2705.4409,0.05311941
2707.6923,0.05809066
2709.9437,0.04962420
2712.1951,0.03368352
2714.4465,0.02856053
2716.6979,0.05809069
2718.9493,0.05935123
2721.2008,0.05301158
2723.4522,0.03976653
2725.7036,0.06490557
2727.9550,0.06260236
2730.2064,0.05010455
2732.4578,0.04844933
2734.7092,0.03123692
2736.9606,0.05848288
2739.2120,0.03500756
2741.4634,0.05815516
2743.7148,0.05887294
2745.9662,0.05277975
2748.2176,0.06793495
2750.4690,0.04925019
2752.7205,0.05874931
2754.9719,0.06124507
2757.2233,0.05623732
2759.4747,0.05009342
2761.7261,0.06717442
2763.9775,0.05975662
2766.2289,0.05433384
2768.4803,0.05541202
2770.7317,0.05927218
2772.9831,0.08177213
2775.2345,0.06112032
2777.4859,0.05887213
2779.7373,0.05194132
2781.9887,0.05184560
2784.2402,0.04665751
2786.4916,0.06971695
2788.7430,0.06955163
2790.9944,0.06104437
2793.2458,0.05870109
2795.4972,0.07273493
2797.7486,0.07338478
2800.0000,0.06810633
2802.2514,0.08754690
2804.5028,0.08925075
2806.7542,0.09085455
2809.0056,0.10286795
2811.2570,0.09267685
2813.5084,0.11712782
2815.7598,0.09798656
2818.0113,0.11817155
2820.2627,0.12456925
2822.5141,0.12110188
2824.7655,0.13301623
2827.0169,0.12276700
2829.2683,0.12699499
2831.5197,0.14674903
2833.7711,0.14850927
2836.0225,0.16908700
2838.2739,0.17113912
2840.5253,0.18497675
2842.7767,0.19025963
2845.0281,0.19765620
2847.2795,0.20536793
2849.5310,0.20978574
2851.7824,0.21818622
2854.0338,0.25272875
2856.2852,0.22451166
2858.5366,0.25018208
2860.7880,0.27217091
2863.0394,0.27653730
2865.2908,0.29674525
2867.5422,0.29853005
2869.7936,0.29082225
2872.0450,0.31057772
2874.2964,0.31021399
2876.5478,0.34443106
2878.7992,0.35922300
2881.0507,0.35043717
2883.3021,0.37015822
2885.5535,0.37026981
2887.8049,0.36937788
2890.0563,0.38837992
2892.3077,0.38576164
2894.5591,0.40426259
2896.8105,0.42000640
2899.0619,0.43264384
2901.3133,0.44533530
2903.5647,0.43552338
2905.8161,0.44713579
2908.0675,0.45433330
2910.3189,0.46041329
2912.5704,0.43044771
2914.8218,0.45462891
2917.0732,0.47315757
2919.3246,0.45610030
2921.5760,0.47118162
2923.8274,0.47775577
2926.0788,0.45045765
2928.3302,0.46682165
2930.5816,0.46970506
2932.8330,0.46535394
2935.0844,0.44717265
2937.3358,0.46250267
2939.5872,0.44933247
2941.8386,0.45844635
2944.0901,0.44919039
2946.3415,0.43347042
2948.5929,0.43425671
2950.8443,0.41859572
2953.0957,0.41101024
2955.3471,0.39426823
2957.5985,0.39931485
2959.8499,0.40099508
2962.1013,0.38498413
2964.3527,0.37420720
2966.6041,0.35844205
2968.8555,0.34958584
2971.1069,0.35218698
2973.3583,0.31957590
2975.6098,0.34481280
2977.8612,0.31313876
2980.1126,0.32506510
2982.3640,0.30464877
2984.6154,0.27831637
2986.8668,0.27950534
2989.1182,0.26448862
2991.3696,0.25643508
2993.6210,0.24979658
2995.8724,0.22660726
2998.1238,0.21632427
3000.3752,0.20897553
3002.6266,0.19038436
3004.8780,0.19258341
3007.1295,0.18892862
3009.3809,0.18084578
3011.6323,0.17227676
3013.8837,0.15869392
3016.1351,0.16313589
3018.3865,0.12765984
3020.6379,0.13743312
3022.8893,0.13165913
3025.1407,0.13776686
3027.3921,0.12961409
3029.6435,0.12544946
3031.8949,0.11235902
3034.1463,0.11677515
3036.3977,0.09260420
3038.6492,0.09898696
3040.9006,0.07305681
3043.1520,0.10749128
3045.4034,0.10270897
3047.6548,0.07748403
3049.9062,0.07189682
3052.1576,0.05653681
3054.4090,0.05955028
3056.6604,0.07364107
3058.9118,0.06859560
3061.1632,0.05334015
3063.4146,0.06119466
3065.6660,0.05779872
3067.9174,0.06754891
3070.1689,0.06849968
3072.4203,0.05788189
3074.6717,0.06002355
3076.9231,0.05772467
3079.1745,0.03589236
3081.4259,0.05768156
3083.6773,0.05443092
3085.9287,0.06185082
3088.1801,0.03532932
3090.4315,0.06074845
3092.6829,0.04618828
3094.9343,0.05477526
3097.1857,0.06379923
3099.4371,0.03655208
3101.6886,0.03786122
3103.9400,0.06063078
3106.1914,0.03901394
3108.4428,0.04059737
3110.6942,0.05601176
3112.9456,0.04777493
3115.1970,0.05743521
3117.4484,0.05251515
3119.6998,0.04913784
3121.9512,0.05914172
3124.2026,0.07108957
3126.4540,0.04812781
3128.7054,0.06385601
3130.9568,0.06033427
3133.2083,0.05004723
3135.4597,0.05347323
3137.7111,0.03948571
3139.9625,0.04266324
3142.2139,0.05157649
3144.4653,0.04830574
3146.7167,0.06177101
3148.9681,0.03574057
3151.2195,0.04579207
3153.4709,0.04233489
3155.7223,0.04718320
3157.9737,0.06034011
3160.2251,0.03662291
3162.4765,0.05719109
3164.7280,0.04278352
3166.9794,0.04544128
3169.2308,0.05867252
3171.4822,0.04585109
3173.7336,0.05536250
3175.9850,0.04983121
3178.2364,0.04696128
3180.4878,0.04509028
3182.7392,0.03137998
3184.9906,0.04123642
3187.2420,0.05037936
3189.4934,0.05074256
3191.7448,0.03380814
3193.9962,0.05876429
3196.2477,0.05447935
3198.4991,0.03572769
3200.7505,0.03832379
3203.0019,0.05384156
3205.2533,0.03117039
3207.5047,0.04135023
3209.7561,0.04825530
3212.0075,0.04753005
3214.2589,0.04823953
3216.5103,0.05273155
3218.7617,0.04084224
3221.0131,0.04396582
3223.2645,0.06939236
3225.5159,0.03482417
3227.7674,0.04436805
3230.0188,0.04998311
3232.2702,0.04241015
3234.5216,0.06111710
3236.7730,0.04962787
3239.0244,0.05649322
3241.2758,0.02274746
3243.5272,0.06081184
3245.7786,0.06042870
3248.0300,0.04137275
3250.2814,0.06202174
3252.5328,0.05161706
3254.7842,0.05825613
3257.0356,0.06712009
3259.2871,0.05000250
3261.5385,0.03886908
3263.7899,0.04890547
3266.0413,0.03625808
3268.2927,0.04101085
3270.5441,0.04140130
3272.7955,0.04193928
3275.0469,0.06074009
3277.2983,0.05745011
3279.5497,0.04011777
3281.8011,0.06042948
3284.0525,0.03231116
3286.3039,0.04256141
3288.5553,0.04775476
3290.8068,0.06106104
3293.0582,0.05645888
3295.3096,0.05374928
3297.5610,0.06225347
3299.8124,0.05640058
3302.0638,0.06291827
3304.3152,0.04138706
3306.5666,0.03235511
3308.8180,0.04510371
3311.0694,0.05760435
3313.3208,0.05190610
3315.5722,0.05821183
3317.8236,0.05642987
3320.0750,0.05448745
3322.3265,0.05752246
3324.5779,0.04217129
3326.8293,0.06027994
3329.0807,0.03927432
3331.3321,0.04820127
3333.5835,0.03518424
3335.8349,0.05441042
3338.0863,0.03381632
3340.3377,0.06342259
3342.5891,0.03589536
3344.8405,0.05194970
3347.0919,0.04795565
3349.3433,0.04057799
3351.5947,0.06186438
3353.8462,0.04506915
3356.0976,0.06403782
3358.3490,0.03909060
3360.6004,0.04133061
3362.8518,0.02934361
3365.1032,0.05490049
3367.3546,0.05854494
3369.6060,0.05161786
3371.8574,0.04775119
3374.1088,0.04015165
3376.3602,0.07290461
3378.6116,0.05681474
3380.8630,0.03091544
3383.1144,0.04627547
3385.3659,0.02326104
3387.6173,0.06519597
3389.8687,0.06918913
3392.1201,0.06403445
3394.3715,0.04885927
3396.6229,0.04346993
3398.8743,0.03534630
3401.1257,0.05473706
3403.3771,0.04194057
3405.6285,0.04564474
3407.8799,0.04300675
3410.1313,0.04632354
3412.3827,0.05841509
3414.6341,0.06635025
3416.8856,0.05094385
3419.1370,0.04963180
3421.3884,0.03828242
3423.6398,0.03712196
3425.8912,0.03878697
3428.1426,0.05832362
3430.3940,0.05194047
3432.6454,0.05917507
3434.8968,0.05372222
3437.1482,0.04544367
3439.3996,0.03701096
3441.6510,0.04578908
3443.9024,0.03515243
3446.1538,0.06958252
3448.4053,0.05220393
3450.6567,0.04581501
3452.9081,0.06953094
3455.1595,0.04565369
3457.4109,0.05510696
3459.6623,0.04787104
3461.9137,0.05311272
3464.1651,0.04582040
3466.4165,0.05448443
3468.6679,0.06387186
3470.9193,0.03683085
3473.1707,0.02717176
3475.4221,0.06313815
3477.6735,0.05122698
3479.9250,0.05833881
3482.1764,0.04662553
3484.4278,0.06510596
3486.6792,0.06790869
3488.9306,0.03774908
3491.1820,0.05631937
3493.4334,0.04337894
3495.6848,0.03326905
3497.9362,0.04645937
3500.1876,0.05522504
3502.4390,0.03565387
3504.6904,0.03647617
3506.9418,0.06188381
3509.1932,0.04973664
3511.4447,0.05345511
3513.6961,0.03783139
3515.9475,0.04274218
3518.1989,0.05054755
3520.4503,0.05118640
3522.7017,0.05072930
3524.9531,0.06530319
3527.2045,0.05087496
3529.4559,0.03368864
3531.7073,0.04029579
3533.9587,0.04851275
3536.2101,0.06197350
3538.4615,0.04209239
3540.7129,0.04505197
3542.9644,0.04870779
3545.2158,0.04180307
3547.4672,0.04058803
3549.7186,0.04650777
3551.9700,0.05890521
3554.2214,0.05372760
3556.4728,0.04591507
3558.7242,0.05287298
3560.9756,0.03581857
3563.2270,0.05886346
3565.4784,0.05624991
3567.7298,0.05177341
3569.9812,0.03226271
3572.2326,0.06929978
3574.4841,0.01917126
3576.7355,0.03864161
3578.9869,0.03943258
3581.2383,0.05575717
3583.4897,0.03357707
3585.7411,0.05110682
3587.9925,0.04718161
3590.2439,0.04578126
3592.4953,0.05737589
3594.7467,0.06312682
3596.9981,0.05274684
3599.2495,0.04595622
3601.5009,0.02569268
3603.7523,0.06361432
3606.0038,0.04570659
3608.2552,0.03001813
3610.5066,0.05037345
3612.7580,0.06342075
3615.0094,0.04734631
3617.2608,0.03696024
3619.5122,0.07161000
3621.7636,0.05502347
3624.0150,0.05232211
3626.2664,0.05913076
3628.5178,0.02690593
3630.7692,0.04816715
3633.0206,0.04721785
3635.2720,0.07183633
3637.5235,0.04320580
3639.7749,0.04333179
3642.0263,0.03486039
3644.2777,0.04062316
3646.5291,0.04687476
3648.7805,0.05162403
3651.0319,0.04696359
3653.2833,0.06928585
3655.5347,0.05397345
3657.7861,0.05546066
3660.0375,0.06285568
3662.2889,0.05542422
3664.5403,0.04372367
3666.7917,0.03335622
3669.0432,0.05265053
3671.2946,0.04061352
3673.5460,0.06237669
3675.7974,0.04125004
3678.0488,0.02645181
3680.3002,0.04945357
3682.5516,0.05990652
3684.8030,0.04693341
3687.0544,0.05088413
3689.3058,0.05059880
3691.5572,0.06650039
3693.8086,0.05208826
3696.0600,0.04860961
3698.3114,0.04277325
3700.5629,0.03235902
3702.8143,0.06329973
3705.0657,0.06066638
3707.3171,0.03933284
3709.5685,0.05518513
3711.8199,0.05231806
3714.0713,0.04513302
3716.3227,0.04581765
3718.5741,0.05664461
3720.8255,0.03675447
3723.0769,0.04370008
3725.3283,0.04820290
3727.5797,0.04891210
3729.8311,0.04684810
3732.0826,0.05119794
3734.3340,0.05437464
3736.5854,0.03991314
3738.8368,0.04984819
3741.0882,0.04362784
3743.3396,0.06429396
3745.5910,0.03471213
3747.8424,0.04660460
3750.0938,0.05608702
3752.3452,0.04610190
3754.5966,0.04561752
3756.8480,0.04353761
3759.0994,0.05219190
3761.3508,0.03720953
3763.6023,0.04820543
3765.8537,0.04801393
3768.1051,0.03420160
3770.3565,0.05184724
3772.6079,0.04436136
3774.8593,0.05223955
3777.1107,0.05785354
3779.3621,0.05262590
3781.6135,0.03717382
3783.8649,0.05243912
3786.1163,0.03296402
3788.3677,0.04143674
3790.6191,0.06615692
3792.8705,0.04929014
3795.1220,0.06504961
3797.3734,0.04743282
3799.6248,0.04937976
3801.8762,0.03798350
3804.1276,0.05886536
3806.3790,0.04731052
3808.6304,0.05568196
3810.8818,0.05378182
3813.1332,0.05480694
3815.3846,0.05272383
3817.6360,0.04905334
3819.8874,0.04945507
3822.1388,0.04247235
3824.3902,0.02797006
3826.6417,0.05448542
3828.8931,0.07064684
3831.1445,0.06053271
3833.3959,0.07328621
3835.6473,0.05457702
3837.8987,0.03995913
3840.1501,0.03974266
3842.4015,0.05731168
3844.6529,0.05324933
3846.9043,0.04814012
3849.1557,0.05734715
3851.4071,0.04099359
3853.6585,0.05516957
3855.9099,0.04704409
3858.1614,0.05150232
3860.4128,0.06194292
3862.6642,0.04853760
3864.9156,0.06388549
3867.1670,0.06342027
3869.4184,0.04230425
3871.6698,0.07352982
3873.9212,0.03747323
3876.1726,0.04901973
3878.4240,0.05750244
3880.6754,0.02695982
3882.9268,0.06052070
3885.1782,0.06159746
3887.4296,0.04894234
3889.6811,0.05284721
3891.9325,0.05227814
3894.1839,0.04798541
3896.4353,0.06096134
3898.6867,0.04633313
3900.9381,0.04966372
3903.1895,0.05381443
3905.4409,0.05872604
3907.6923,0.06128573
3909.9437,0.03512827
3912.1951,0.02951228
3914.4465,0.04871278
3916.6979,0.04955565
3918.9493,0.03913170
3921.2008,0.05319619
3923.4522,0.05647827
3925.7036,0.05397066
3927.9550,0.06682143
3930.2064,0.03958942
3932.4578,0.05032285
3934.7092,0.06964918
3936.9606,0.05697194
3939.2120,0.03875019
3941.4634,0.05212829
3943.7148,0.06203733
3945.9662,0.07119881
3948.2176,0.05679224
3950.4690,0.06190798
3952.7205,0.03879517
3954.9719,0.04753442
3957.2233,0.06216915
3959.4747,0.04030964
3961.7261,0.04941255
3963.9775,0.03108569
3966.2289,0.06504005
3968.4803,0.04869161
3970.7317,0.05576290
3972.9831,0.03476439
3975.2345,0.03668840
3977.4859,0.06842643
3979.7373,0.04653023
3981.9887,0.04448354
3984.2402,0.05519180
3986.4916,0.05562528
3988.7430,0.03009695
3990.9944,0.04010259
3993.2458,0.05051460
3995.4972,0.05005332
3997.7486,0.05356502
4000.0000,0.04564352